data,направление,специальность,green,yellow,red,black,year,month
1/1/2016,взрослые,Стоматолог,4818,1001,1173,1110,2016,1
1/1/2016,взрослые,Онколог,39884,7168,12175,562,2016,1
1/1/2016,взрослые,Терапевт,1007572,101215,25279,252,2016,1
1/1/2016,взрослые,Оториноларинголог,135448,6829,3591,240,2016,1
1/1/2016,взрослые,Гинеколог,313794,14573,10863,209,2016,1
1/1/2016,взрослые,Гематолог,4023,1058,2111,145,2016,1
1/1/2016,взрослые,Гастроэнтеролог,24688,4125,6984,135,2016,1
1/1/2016,взрослые,Хирург,212015,3775,1973,90,2016,1
1/1/2016,взрослые,Ревматолог,20101,2325,2389,66,2016,1
1/1/2016,взрослые,Иммунолог,10870,949,1092,59,2016,1
1/1/2016,взрослые,Эндокринолог,159320,14579,23548,40,2016,1
1/1/2016,взрослые,Пульмонолог,12030,2151,2693,39,2016,1
1/1/2016,взрослые,Психиатр,915,111,223,25,2016,1
1/1/2016,взрослые,Нефролог,3436,319,458,23,2016,1
1/1/2016,взрослые,Инфекционист,32333,1135,1059,13,2016,1
1/1/2016,взрослые,Колопроктолог,11247,1714,1931,11,2016,1
1/1/2016,взрослые,Офтальмолог,185861,5836,3915,10,2016,1
1/1/2016,взрослые,Кардиолог,110374,10896,15123,9,2016,1
1/1/2016,взрослые,Невролог,201287,29365,37104,5,2016,1
1/1/2016,взрослые,Уролог,122077,2596,1649,1,2016,1
1/1/2016,взрослые,Колопроктолог,2,0,0,0,2016,1
1/1/2016,детские,Стоматолог,12666,970,2456,954,2016,1
1/1/2016,детские,Педиатр,610802,94726,34206,299,2016,1
1/1/2016,детские,Уролог-андролог,2924,340,277,137,2016,1
1/1/2016,детские,Хирург,69799,1115,782,114,2016,1
1/1/2016,детские,Гинеколог,18086,440,428,91,2016,1
1/1/2016,детские,Оториноларинголог,104250,5189,3825,55,2016,1
1/1/2016,детские,Нефролог,11298,775,1130,31,2016,1
1/1/2016,детские,Иммунолог,21556,2756,3623,28,2016,1
1/1/2016,детские,Эндокринолог,21470,1895,2201,28,2016,1
1/1/2016,детские,Гастроэнтеролог,19235,1769,1944,16,2016,1
1/1/2016,детские,Кардиолог,27192,3031,3024,14,2016,1
1/1/2016,детские,Ревматолог,490,51,22,6,2016,1
1/1/2016,детские,Пульмонолог,543,60,41,5,2016,1
1/1/2016,детские,Невролог,105710,13413,16452,3,2016,1
1/1/2016,детские,Гематолог,1568,178,170,2,2016,1
1/1/2016,детские,Онколог,433,24,44,1,2016,1
1/1/2016,детские,Инфекционист,253,17,6,0,2016,1
1/1/2016,детские,Офтальмолог,93088,1547,1376,0,2016,1
1/1/2016,детские,Психиатр,226,27,2,0,2016,1
2/1/2016,взрослые,Стоматолог,1139,187,328,397,2016,2
2/1/2016,взрослые,Онколог,13848,2079,4517,160,2016,2
2/1/2016,взрослые,Гинеколог,76422,670,1104,103,2016,2
2/1/2016,взрослые,Терапевт,248701,18435,4215,80,2016,2
2/1/2016,взрослые,Гематолог,1467,365,502,62,2016,2
2/1/2016,взрослые,Гастроэнтеролог,7166,1079,1869,48,2016,2
2/1/2016,взрослые,Оториноларинголог,31065,1307,1059,37,2016,2
2/1/2016,взрослые,Инфекционист,10502,431,319,29,2016,2
2/1/2016,взрослые,Ревматолог,6194,489,803,26,2016,2
2/1/2016,взрослые,Хирург,52966,37,129,21,2016,2
2/1/2016,взрослые,Офтальмолог,44763,399,496,18,2016,2
2/1/2016,взрослые,Пульмонолог,4411,457,903,14,2016,2
2/1/2016,взрослые,Иммунолог,3505,445,419,12,2016,2
2/1/2016,взрослые,Психиатр,118,4,9,6,2016,2
2/1/2016,взрослые,Колопроктолог,3478,471,831,5,2016,2
2/1/2016,взрослые,Невролог,63864,8615,12935,5,2016,2
2/1/2016,взрослые,Нефролог,1466,115,193,3,2016,2
2/1/2016,взрослые,Уролог,31093,14,46,3,2016,2
2/1/2016,взрослые,Эндокринолог,52272,4125,8152,3,2016,2
2/1/2016,взрослые,Кардиолог,37994,3247,4369,1,2016,2
2/1/2016,детские,Стоматолог,2933,21,465,290,2016,2
2/1/2016,детские,Педиатр,162910,11750,3747,101,2016,2
2/1/2016,детские,Гинеколог,4051,133,73,52,2016,2
2/1/2016,детские,Уролог-андролог,777,77,61,21,2016,2
2/1/2016,детские,Оториноларинголог,23088,409,465,20,2016,2
2/1/2016,детские,Иммунолог,5758,684,855,18,2016,2
2/1/2016,детские,Эндокринолог,6235,563,683,17,2016,2
2/1/2016,детские,Кардиолог,7736,674,953,6,2016,2
2/1/2016,детские,Нефролог,2923,188,271,6,2016,2
2/1/2016,детские,Гастроэнтеролог,5037,538,698,4,2016,2
2/1/2016,детские,Ревматолог,170,5,14,4,2016,2
2/1/2016,детские,Хирург,13811,7,74,3,2016,2
2/1/2016,детские,Невролог,25464,1827,3419,2,2016,2
2/1/2016,детские,Гематолог,325,28,60,1,2016,2
2/1/2016,детские,Пульмонолог,206,26,7,1,2016,2
2/1/2016,детские,Инфекционист,94,6,0,0,2016,2
2/1/2016,детские,Онколог,191,0,32,0,2016,2
2/1/2016,детские,Офтальмолог,19305,9,134,0,2016,2
2/1/2016,детские,Психиатр,125,14,6,0,2016,2
3/1/2016,взрослые,Оториноларинголог,151677,18593,15956,1136,2016,3
3/1/2016,взрослые,Онколог,58739,11722,25831,944,2016,3
3/1/2016,взрослые,Стоматолог,5324,365,1667,926,2016,3
3/1/2016,взрослые,Гинеколог,400421,31473,15328,447,2016,3
3/1/2016,взрослые,Терапевт,1247302,200170,55807,412,2016,3
3/1/2016,взрослые,Гастроэнтеролог,34409,4861,13876,406,2016,3
3/1/2016,взрослые,Офтальмолог,244080,22745,14844,294,2016,3
3/1/2016,взрослые,Эндокринолог,236354,27060,61594,157,2016,3
3/1/2016,взрослые,Гематолог,5132,1411,4283,156,2016,3
3/1/2016,взрослые,Пульмонолог,18074,3060,6386,138,2016,3
3/1/2016,взрослые,Хирург,297266,6740,1428,100,2016,3
3/1/2016,взрослые,Иммунолог,17109,2651,3903,75,2016,3
3/1/2016,взрослые,Нефролог,6070,649,1011,54,2016,3
3/1/2016,взрослые,Ревматолог,30265,2976,6819,53,2016,3
3/1/2016,взрослые,Психиатр,322,77,456,52,2016,3
3/1/2016,взрослые,Невролог,253614,45116,108261,38,2016,3
3/1/2016,взрослые,Кардиолог,158569,20593,34973,25,2016,3
3/1/2016,взрослые,Инфекционист,49019,3001,2880,9,2016,3
3/1/2016,взрослые,Колопроктолог,15567,2731,5499,6,2016,3
3/1/2016,взрослые,Уролог,168068,6960,1641,1,2016,3
3/1/2016,детские,Стоматолог,17744,1424,6184,1805,2016,3
3/1/2016,детские,Педиатр,772822,113498,33019,426,2016,3
3/1/2016,детские,Оториноларинголог,121576,19809,18708,242,2016,3
3/1/2016,детские,Офтальмолог,148281,9510,7370,128,2016,3
3/1/2016,детские,Хирург,117660,6570,4431,116,2016,3
3/1/2016,детские,Гинеколог,26424,2912,3878,98,2016,3
3/1/2016,детские,Иммунолог,30151,3926,9131,97,2016,3
3/1/2016,детские,Уролог-андролог,5051,923,1943,69,2016,3
3/1/2016,детские,Невролог,119202,29350,70859,47,2016,3
3/1/2016,детские,Гастроэнтеролог,24160,2594,8084,40,2016,3
3/1/2016,детские,Нефролог,16167,1547,1994,34,2016,3
3/1/2016,детские,Эндокринолог,28586,4315,9236,34,2016,3
3/1/2016,детские,Кардиолог,38786,5175,8731,30,2016,3
3/1/2016,детские,Ревматолог,681,83,68,11,2016,3
3/1/2016,детские,Пульмонолог,745,42,110,9,2016,3
3/1/2016,детские,Гематолог,1664,188,476,3,2016,3
3/1/2016,детские,Инфекционист,389,12,2,3,2016,3
3/1/2016,детские,Онколог,702,102,184,2,2016,3
3/1/2016,детские,Психиатр,264,21,12,0,2016,3
4/1/2016,взрослые,Офтальмолог,213934,17608,14141,2059,2016,4
4/1/2016,взрослые,Онколог,41125,9280,20737,986,2016,4
4/1/2016,взрослые,Стоматолог,4654,450,1347,820,2016,4
4/1/2016,взрослые,Гинеколог,365615,24984,14705,638,2016,4
4/1/2016,взрослые,Терапевт,1221964,146293,27768,580,2016,4
4/1/2016,взрослые,Эндокринолог,170017,20520,52300,444,2016,4
4/1/2016,взрослые,Гастроэнтеролог,25098,4031,10824,324,2016,4
4/1/2016,взрослые,Кардиолог,124337,14952,26314,216,2016,4
4/1/2016,взрослые,Ревматолог,23531,3077,6742,196,2016,4
4/1/2016,взрослые,Гематолог,4049,1911,1910,164,2016,4
4/1/2016,взрослые,Пульмонолог,16196,2336,4709,159,2016,4
4/1/2016,взрослые,Оториноларинголог,138248,15461,10678,134,2016,4
4/1/2016,взрослые,Иммунолог,13040,1825,4684,46,2016,4
4/1/2016,взрослые,Нефролог,5681,609,756,44,2016,4
4/1/2016,взрослые,Невролог,186152,35439,78287,37,2016,4
4/1/2016,взрослые,Психиатр,54,8,353,33,2016,4
4/1/2016,взрослые,Инфекционист,44463,2887,3207,23,2016,4
4/1/2016,взрослые,Хирург,266043,11930,2923,10,2016,4
4/1/2016,взрослые,Колопроктолог,12546,2821,3626,5,2016,4
4/1/2016,взрослые,Уролог,156342,3693,829,4,2016,4
4/1/2016,детские,Стоматолог,12996,1997,6764,1962,2016,4
4/1/2016,детские,Оториноларинголог,127413,16109,13950,704,2016,4
4/1/2016,детские,Педиатр,793442,91736,16868,347,2016,4
4/1/2016,детские,Хирург,115969,4391,2031,259,2016,4
4/1/2016,детские,Гинеколог,28581,2760,3448,202,2016,4
4/1/2016,детские,Офтальмолог,137510,11135,8233,167,2016,4
4/1/2016,детские,Невролог,103588,24103,62892,140,2016,4
4/1/2016,детские,Эндокринолог,24126,3799,10586,138,2016,4
4/1/2016,детские,Иммунолог,24229,3678,9742,127,2016,4
4/1/2016,детские,Уролог-андролог,6330,990,1981,68,2016,4
4/1/2016,детские,Гастроэнтеролог,23781,2840,6372,38,2016,4
4/1/2016,детские,Кардиолог,30864,4771,11248,27,2016,4
4/1/2016,детские,Нефролог,14648,1237,2245,22,2016,4
4/1/2016,детские,Гематолог,1072,303,451,21,2016,4
4/1/2016,детские,Ревматолог,500,62,103,9,2016,4
4/1/2016,детские,Инфекционист,323,6,12,6,2016,4
4/1/2016,детские,Пульмонолог,544,116,121,4,2016,4
4/1/2016,детские,Онколог,726,89,128,1,2016,4
4/1/2016,детские,Психиатр,157,6,4,0,2016,4
5/1/2016,взрослые,Онколог,46688,7061,16189,620,2016,5
5/1/2016,взрослые,Терапевт,1118895,82483,14379,599,2016,5
5/1/2016,взрослые,Стоматолог,3496,421,498,555,2016,5
5/1/2016,взрослые,Гинеколог,373840,16481,7039,481,2016,5
5/1/2016,взрослые,Пульмонолог,14941,2003,3351,176,2016,5
5/1/2016,взрослые,Гематолог,5822,880,1183,148,2016,5
5/1/2016,взрослые,Ревматолог,19798,2588,4113,71,2016,5
5/1/2016,взрослые,Гастроэнтеролог,23138,2867,6276,57,2016,5
5/1/2016,взрослые,Нефролог,4525,427,527,57,2016,5
5/1/2016,взрослые,Оториноларинголог,140932,7321,4163,44,2016,5
5/1/2016,взрослые,Иммунолог,12438,2720,2886,36,2016,5
5/1/2016,взрослые,Инфекционист,38520,2243,2564,32,2016,5
5/1/2016,взрослые,Психиатр,75,16,519,23,2016,5
5/1/2016,взрослые,Эндокринолог,159321,16530,32324,22,2016,5
5/1/2016,взрослые,Офтальмолог,196746,8557,4724,6,2016,5
5/1/2016,взрослые,Колопроктолог,13357,2182,1853,5,2016,5
5/1/2016,взрослые,Хирург,250178,8690,1216,5,2016,5
5/1/2016,взрослые,Невролог,202994,27086,40630,2,2016,5
5/1/2016,взрослые,Кардиолог,107251,9395,16093,1,2016,5
5/1/2016,взрослые,Уролог,135326,1418,142,1,2016,5
5/1/2016,детские,Стоматолог,10731,1537,9325,1476,2016,5
5/1/2016,детские,Оториноларинголог,132420,12877,8448,325,2016,5
5/1/2016,детские,Педиатр,735240,100175,16958,168,2016,5
5/1/2016,детские,Гинеколог,28631,2628,2353,162,2016,5
5/1/2016,детские,Хирург,117854,3177,1870,107,2016,5
5/1/2016,детские,Эндокринолог,25147,3504,7399,84,2016,5
5/1/2016,детские,Невролог,115272,23510,48026,73,2016,5
5/1/2016,детские,Уролог-андролог,6319,767,1617,61,2016,5
5/1/2016,детские,Иммунолог,23836,4238,8411,60,2016,5
5/1/2016,детские,Офтальмолог,142816,8491,8866,50,2016,5
5/1/2016,детские,Кардиолог,29444,4863,9866,37,2016,5
5/1/2016,детские,Нефролог,14704,1034,1537,16,2016,5
5/1/2016,детские,Гастроэнтеролог,20380,2648,4123,13,2016,5
5/1/2016,детские,Гематолог,1910,363,500,10,2016,5
5/1/2016,детские,Ревматолог,565,77,109,8,2016,5
5/1/2016,детские,Пульмонолог,523,84,88,5,2016,5
5/1/2016,детские,Онколог,671,49,51,1,2016,5
5/1/2016,детские,Инфекционист,281,29,55,0,2016,5
5/1/2016,детские,Психиатр,178,0,9,0,2016,5
6/1/2016,взрослые,Стоматолог,3211,152,391,591,2016,6
6/1/2016,взрослые,Онколог,47522,7206,13303,540,2016,6
6/1/2016,взрослые,Гинеколог,375659,14695,4893,288,2016,6
6/1/2016,взрослые,Терапевт,1016880,108031,22570,257,2016,6
6/1/2016,взрослые,Гематолог,4396,418,1144,97,2016,6
6/1/2016,взрослые,Ревматолог,17331,1705,3154,49,2016,6
6/1/2016,взрослые,Пульмонолог,13562,1483,2392,36,2016,6
6/1/2016,взрослые,Иммунолог,10870,953,1330,32,2016,6
6/1/2016,взрослые,Оториноларинголог,143184,6594,2006,32,2016,6
6/1/2016,взрослые,Гастроэнтеролог,23964,2239,4651,24,2016,6
6/1/2016,взрослые,Нефролог,3994,244,364,21,2016,6
6/1/2016,взрослые,Психиатр,53,23,59,20,2016,6
6/1/2016,взрослые,Хирург,246970,6347,1559,19,2016,6
6/1/2016,взрослые,Инфекционист,40034,1912,1780,14,2016,6
6/1/2016,взрослые,Офтальмолог,191357,7390,1872,10,2016,6
6/1/2016,взрослые,Колопроктолог,14202,1041,1074,6,2016,6
6/1/2016,взрослые,Невролог,206055,16318,21694,6,2016,6
6/1/2016,взрослые,Эндокринолог,149220,9780,19244,5,2016,6
6/1/2016,взрослые,Кардиолог,99982,7093,10530,4,2016,6
6/1/2016,взрослые,Уролог,130618,1198,147,3,2016,6
6/1/2016,взрослые,Колопроктолог,1,0,0,0,2016,6
6/1/2016,детские,Стоматолог,11109,1433,5894,1087,2016,6
6/1/2016,детские,Хирург,95658,1652,1008,310,2016,6
6/1/2016,детские,Педиатр,642586,70916,15515,219,2016,6
6/1/2016,детские,Гинеколог,26948,928,539,178,2016,6
6/1/2016,детские,Офтальмолог,110226,4657,7561,126,2016,6
6/1/2016,детские,Оториноларинголог,117338,4822,3329,97,2016,6
6/1/2016,детские,Эндокринолог,24683,2600,3692,63,2016,6
6/1/2016,детские,Нефролог,10906,650,685,62,2016,6
6/1/2016,детские,Кардиолог,25515,2288,4238,51,2016,6
6/1/2016,детские,Уролог-андролог,5925,533,1029,51,2016,6
6/1/2016,детские,Иммунолог,16692,1293,1981,32,2016,6
6/1/2016,детские,Невролог,118126,14847,22271,20,2016,6
6/1/2016,детские,Гастроэнтеролог,16605,1340,1668,17,2016,6
6/1/2016,детские,Гематолог,1615,102,147,15,2016,6
6/1/2016,детские,Инфекционист,375,2,4,13,2016,6
6/1/2016,детские,Ревматолог,482,34,57,5,2016,6
6/1/2016,детские,Пульмонолог,346,84,53,3,2016,6
6/1/2016,детские,Психиатр,284,6,6,1,2016,6
6/1/2016,детские,Онколог,578,31,37,0,2016,6
7/1/2016,взрослые,Терапевт,957561,70356,9729,800,2016,7
7/1/2016,взрослые,Стоматолог,2577,65,343,650,2016,7
7/1/2016,взрослые,Оториноларинголог,120860,4480,2819,354,2016,7
7/1/2016,взрослые,Гинеколог,347483,10982,2339,343,2016,7
7/1/2016,взрослые,Онколог,43910,4750,8779,276,2016,7
7/1/2016,взрослые,Гематолог,1365,164,1265,136,2016,7
7/1/2016,взрослые,Уролог,110139,892,257,115,2016,7
7/1/2016,взрослые,Ревматолог,13340,1155,1600,89,2016,7
7/1/2016,взрослые,Офтальмолог,167977,5082,2651,73,2016,7
7/1/2016,взрослые,Психиатр,18,0,0,56,2016,7
7/1/2016,взрослые,Хирург,214401,5473,482,42,2016,7
7/1/2016,взрослые,Гастроэнтеролог,17272,1531,2920,39,2016,7
7/1/2016,взрослые,Инфекционист,31600,1183,1152,35,2016,7
7/1/2016,взрослые,Иммунолог,8084,603,876,19,2016,7
7/1/2016,взрослые,Пульмонолог,10598,911,1279,18,2016,7
7/1/2016,взрослые,Нефролог,3844,244,421,6,2016,7
7/1/2016,взрослые,Эндокринолог,127880,7546,12790,5,2016,7
7/1/2016,взрослые,Колопроктолог,11302,658,709,4,2016,7
7/1/2016,взрослые,Невролог,188808,12301,15758,3,2016,7
7/1/2016,взрослые,Кардиолог,85159,5033,6076,1,2016,7
7/1/2016,детские,Стоматолог,7639,447,4365,772,2016,7
7/1/2016,детские,Педиатр,546451,75314,13459,452,2016,7
7/1/2016,детские,Хирург,74481,1753,716,299,2016,7
7/1/2016,детские,Гинеколог,18327,444,1141,145,2016,7
7/1/2016,детские,Офтальмолог,88229,2457,2314,93,2016,7
7/1/2016,детские,Оториноларинголог,78390,2855,1777,85,2016,7
7/1/2016,детские,Эндокринолог,15858,909,1946,70,2016,7
7/1/2016,детские,Иммунолог,8829,503,791,31,2016,7
7/1/2016,детские,Кардиолог,15486,1468,1938,31,2016,7
7/1/2016,детские,Нефролог,5397,301,736,19,2016,7
7/1/2016,детские,Инфекционист,145,0,9,14,2016,7
7/1/2016,детские,Невролог,93240,8842,12088,11,2016,7
7/1/2016,детские,Гастроэнтеролог,9060,689,1055,9,2016,7
7/1/2016,детские,Гематолог,949,46,37,7,2016,7
7/1/2016,детские,Уролог-андролог,3915,324,633,7,2016,7
7/1/2016,детские,Ревматолог,181,23,41,6,2016,7
7/1/2016,детские,Психиатр,237,4,0,2,2016,7
7/1/2016,детские,Онколог,203,23,34,1,2016,7
7/1/2016,детские,Пульмонолог,231,45,20,1,2016,7
8/1/2016,взрослые,Стоматолог,2411,21,331,690,2016,8
8/1/2016,взрослые,Терапевт,1083353,91974,13568,315,2016,8
8/1/2016,взрослые,Гинеколог,387530,19589,6306,310,2016,8
8/1/2016,взрослые,Оториноларинголог,140558,4942,4323,302,2016,8
8/1/2016,взрослые,Онколог,46674,5785,10613,209,2016,8
8/1/2016,взрослые,Ревматолог,18003,1445,1998,197,2016,8
8/1/2016,взрослые,Гематолог,2918,465,954,130,2016,8
8/1/2016,взрослые,Хирург,256898,785,306,96,2016,8
8/1/2016,взрослые,Колопроктолог,11422,755,1133,70,2016,8
8/1/2016,взрослые,Гастроэнтеролог,22725,1920,3042,61,2016,8
8/1/2016,взрослые,Иммунолог,8791,882,1522,36,2016,8
8/1/2016,взрослые,Инфекционист,37789,1629,1582,31,2016,8
8/1/2016,взрослые,Психиатр,9,0,0,19,2016,8
8/1/2016,взрослые,Офтальмолог,204363,4744,2275,15,2016,8
8/1/2016,взрослые,Пульмонолог,11690,1108,1760,8,2016,8
8/1/2016,взрослые,Нефролог,3967,323,508,6,2016,8
8/1/2016,взрослые,Невролог,221603,18077,19073,4,2016,8
8/1/2016,взрослые,Кардиолог,94943,5915,6880,3,2016,8
8/1/2016,взрослые,Эндокринолог,151822,11133,15111,3,2016,8
8/1/2016,взрослые,Уролог,127838,1371,395,2,2016,8
8/1/2016,детские,Педиатр,976914,158820,64022,1659,2016,8
8/1/2016,детские,Стоматолог,9163,2187,7063,971,2016,8
8/1/2016,детские,Гинеколог,26728,1255,1782,185,2016,8
8/1/2016,детские,Хирург,104570,3909,1969,160,2016,8
8/1/2016,детские,Оториноларинголог,116490,4037,3820,133,2016,8
8/1/2016,детские,Офтальмолог,132490,12885,8744,96,2016,8
8/1/2016,детские,Эндокринолог,23989,1524,2571,48,2016,8
8/1/2016,детские,Иммунолог,17002,1349,1655,27,2016,8
8/1/2016,детские,Кардиолог,28674,3234,5289,20,2016,8
8/1/2016,детские,Нефролог,10076,521,996,13,2016,8
8/1/2016,детские,Уролог-андролог,5608,493,886,13,2016,8
8/1/2016,детские,Гастроэнтеролог,15537,1909,2489,9,2016,8
8/1/2016,детские,Ревматолог,826,101,126,6,2016,8
8/1/2016,детские,Пульмонолог,284,42,25,4,2016,8
8/1/2016,детские,Гематолог,1447,163,240,3,2016,8
8/1/2016,детские,Невролог,126228,17277,24582,3,2016,8
8/1/2016,детские,Онколог,343,72,138,2,2016,8
8/1/2016,детские,Инфекционист,208,37,6,0,2016,8
8/1/2016,детские,Психиатр,204,0,4,0,2016,8
9/1/2016,взрослые,Терапевт,1037447,222873,64764,1263,2016,9
9/1/2016,взрослые,Стоматолог,3618,113,388,736,2016,9
9/1/2016,взрослые,Гинеколог,403656,13006,7771,322,2016,9
9/1/2016,взрослые,Онколог,44568,6193,12352,297,2016,9
9/1/2016,взрослые,Гематолог,3539,256,567,201,2016,9
9/1/2016,взрослые,Кардиолог,112025,8217,10470,134,2016,9
9/1/2016,взрослые,Инфекционист,35474,1766,1644,127,2016,9
9/1/2016,взрослые,Хирург,275671,2038,518,92,2016,9
9/1/2016,взрослые,Пульмонолог,14446,1589,1923,91,2016,9
9/1/2016,взрослые,Эндокринолог,166933,11028,19143,68,2016,9
9/1/2016,взрослые,Иммунолог,11990,784,1313,59,2016,9
9/1/2016,взрослые,Ревматолог,19553,1734,3364,49,2016,9
9/1/2016,взрослые,Нефролог,3969,216,374,40,2016,9
9/1/2016,взрослые,Колопроктолог,12140,1133,1419,31,2016,9
9/1/2016,взрослые,Гастроэнтеролог,25978,2067,3432,29,2016,9
9/1/2016,взрослые,Психиатр,8,0,0,22,2016,9
9/1/2016,взрослые,Оториноларинголог,156131,10953,4649,6,2016,9
9/1/2016,взрослые,Невролог,223558,25416,28709,5,2016,9
9/1/2016,взрослые,Офтальмолог,227577,7465,1325,5,2016,9
9/1/2016,взрослые,Уролог,146646,781,207,1,2016,9
9/1/2016,детские,Педиатр,1117449,226867,83184,1253,2016,9
9/1/2016,детские,Стоматолог,12681,1579,6006,632,2016,9
9/1/2016,детские,Офтальмолог,141536,11391,12167,403,2016,9
9/1/2016,детские,Хирург,108228,3052,2178,258,2016,9
9/1/2016,детские,Гинеколог,29830,844,595,197,2016,9
9/1/2016,детские,Оториноларинголог,148003,11862,3385,130,2016,9
9/1/2016,детские,Эндокринолог,27645,2157,3924,76,2016,9
9/1/2016,детские,Иммунолог,27369,2033,3874,41,2016,9
9/1/2016,детские,Кардиолог,39493,3989,8699,30,2016,9
9/1/2016,детские,Нефролог,14163,1008,1591,15,2016,9
9/1/2016,детские,Гастроэнтеролог,24713,1959,3600,11,2016,9
9/1/2016,детские,Невролог,133353,23348,35397,10,2016,9
9/1/2016,детские,Гематолог,1802,108,279,9,2016,9
9/1/2016,детские,Ревматолог,883,179,294,7,2016,9
9/1/2016,детские,Уролог-андролог,5975,496,669,7,2016,9
9/1/2016,детские,Пульмонолог,732,58,48,3,2016,9
9/1/2016,детские,Инфекционист,371,3,4,2,2016,9
9/1/2016,детские,Онколог,726,45,24,1,2016,9
9/1/2016,детские,Психиатр,166,0,2,0,2016,9
10/1/2016,взрослые,Стоматолог,4393,13,282,873,2016,10
10/1/2016,взрослые,Гинеколог,415770,18980,8189,447,2016,10
10/1/2016,взрослые,Терапевт,1181313,181130,37065,425,2016,10
10/1/2016,взрослые,Онколог,42751,6155,16310,268,2016,10
10/1/2016,взрослые,Гематолог,2910,441,857,193,2016,10
10/1/2016,взрослые,Инфекционист,37408,2139,1978,146,2016,10
10/1/2016,взрослые,Ревматолог,23145,1804,3966,82,2016,10
10/1/2016,взрослые,Оториноларинголог,171488,15983,6057,78,2016,10
10/1/2016,взрослые,Нефролог,4391,330,295,63,2016,10
10/1/2016,взрослые,Гастроэнтеролог,26715,2896,4978,38,2016,10
10/1/2016,взрослые,Невролог,215185,34271,46341,25,2016,10
10/1/2016,взрослые,Иммунолог,14828,2030,2247,20,2016,10
10/1/2016,взрослые,Пульмонолог,15136,2922,3640,19,2016,10
10/1/2016,взрослые,Психиатр,34,0,0,16,2016,10
10/1/2016,взрослые,Хирург,274102,5730,1468,7,2016,10
10/1/2016,взрослые,Офтальмолог,229958,11563,4862,5,2016,10
10/1/2016,взрослые,Кардиолог,121161,13985,16013,3,2016,10
10/1/2016,взрослые,Эндокринолог,174668,15868,27604,3,2016,10
10/1/2016,взрослые,Колопроктолог,15355,1228,1507,2,2016,10
10/1/2016,взрослые,Уролог,153403,2682,393,2,2016,10
10/1/2016,детские,Педиатр,1067245,189900,37480,576,2016,10
10/1/2016,детские,Стоматолог,14409,907,5824,572,2016,10
10/1/2016,детские,Хирург,103954,321,292,223,2016,10
10/1/2016,детские,Оториноларинголог,148218,18576,10268,136,2016,10
10/1/2016,детские,Гинеколог,30489,1158,678,95,2016,10
10/1/2016,детские,Иммунолог,28963,3013,6448,50,2016,10
10/1/2016,детские,Нефролог,12900,1194,1688,49,2016,10
10/1/2016,детские,Эндокринолог,25379,2933,6803,41,2016,10
10/1/2016,детские,Уролог-андролог,5127,416,518,39,2016,10
10/1/2016,детские,Офтальмолог,141035,7824,7957,25,2016,10
10/1/2016,детские,Кардиолог,35658,5041,9907,24,2016,10
10/1/2016,детские,Гастроэнтеролог,27168,2044,3887,15,2016,10
10/1/2016,детские,Невролог,119312,18280,47042,12,2016,10
10/1/2016,детские,Гематолог,1442,149,193,7,2016,10
10/1/2016,детские,Онколог,741,20,34,5,2016,10
10/1/2016,детские,Ревматолог,1239,253,236,5,2016,10
10/1/2016,детские,Пульмонолог,905,78,85,1,2016,10
10/1/2016,детские,Инфекционист,130,5,96,0,2016,10
10/1/2016,детские,Психиатр,457,4,5,0,2016,10
11/1/2016,взрослые,Стоматолог,1201,26,69,196,2016,11
11/1/2016,взрослые,Терапевт,352274,42818,8669,138,2016,11
11/1/2016,взрослые,Гинеколог,117340,9809,3749,132,2016,11
11/1/2016,взрослые,Онколог,11373,2453,5808,112,2016,11
11/1/2016,взрослые,Гематолог,928,55,390,58,2016,11
11/1/2016,взрослые,Хирург,76121,1872,249,51,2016,11
11/1/2016,взрослые,Нефролог,1472,147,97,44,2016,11
11/1/2016,взрослые,Инфекционист,10556,678,553,25,2016,11
11/1/2016,взрослые,Гастроэнтеролог,7366,1099,1467,21,2016,11
11/1/2016,взрослые,Пульмонолог,4248,974,1100,18,2016,11
11/1/2016,взрослые,Иммунолог,4039,572,869,10,2016,11
11/1/2016,взрослые,Невролог,59705,12064,13541,8,2016,11
11/1/2016,взрослые,Ревматолог,6651,1065,1103,6,2016,11
11/1/2016,взрослые,Психиатр,18,0,0,4,2016,11
11/1/2016,взрослые,Эндокринолог,49069,5614,8471,2,2016,11
11/1/2016,взрослые,Колопроктолог,3789,677,616,1,2016,11
11/1/2016,взрослые,Офтальмолог,64819,3875,2030,1,2016,11
11/1/2016,взрослые,Уролог,43482,1205,796,1,2016,11
11/1/2016,взрослые,Кардиолог,34377,4679,4662,0,2016,11
11/1/2016,взрослые,Оториноларинголог,46258,8003,1273,0,2016,11
11/1/2016,детские,Педиатр,298153,46783,14922,262,2016,11
11/1/2016,детские,Оториноларинголог,41342,6367,3784,227,2016,11
11/1/2016,детские,Стоматолог,3843,464,1841,151,2016,11
11/1/2016,детские,Гинеколог,8385,337,143,41,2016,11
11/1/2016,детские,Хирург,30669,155,71,28,2016,11
11/1/2016,детские,Иммунолог,7760,1294,2628,16,2016,11
11/1/2016,детские,Кардиолог,9592,1376,3210,15,2016,11
11/1/2016,детские,Эндокринолог,7876,1047,1978,11,2016,11
11/1/2016,детские,Нефролог,3557,578,537,8,2016,11
11/1/2016,детские,Гастроэнтеролог,7267,1120,1288,7,2016,11
11/1/2016,детские,Невролог,31781,6243,15401,5,2016,11
11/1/2016,детские,Ревматолог,364,98,71,3,2016,11
11/1/2016,детские,Онколог,211,13,8,2,2016,11
11/1/2016,детские,Уролог-андролог,1233,122,135,2,2016,11
11/1/2016,детские,Гематолог,309,37,86,1,2016,11
11/1/2016,детские,Офтальмолог,41881,2654,1005,1,2016,11
11/1/2016,детские,Инфекционист,72,28,0,0,2016,11
11/1/2016,детские,Психиатр,106,0,0,0,2016,11
11/1/2016,детские,Пульмонолог,265,48,18,0,2016,11
12/1/2016,взрослые,Терапевт,52485,4192,1627,28,2016,12
12/1/2016,взрослые,Онколог,1784,186,1114,26,2016,12
12/1/2016,взрослые,Стоматолог,151,1,9,24,2016,12
12/1/2016,взрослые,Гематолог,84,19,66,8,2016,12
12/1/2016,взрослые,Гинеколог,17807,569,175,8,2016,12
12/1/2016,взрослые,Ревматолог,881,57,227,7,2016,12
12/1/2016,взрослые,Гастроэнтеролог,990,151,293,3,2016,12
12/1/2016,взрослые,Офтальмолог,9453,459,28,2,2016,12
12/1/2016,взрослые,Пульмонолог,687,106,186,2,2016,12
12/1/2016,взрослые,Кардиолог,5667,384,1051,1,2016,12
12/1/2016,взрослые,Невролог,10374,918,2149,1,2016,12
12/1/2016,взрослые,Психиатр,0,0,0,1,2016,12
12/1/2016,взрослые,Эндокринолог,7962,411,2001,1,2016,12
12/1/2016,взрослые,Иммунолог,578,49,152,0,2016,12
12/1/2016,взрослые,Инфекционист,1632,25,75,0,2016,12
12/1/2016,взрослые,Колопроктолог,554,71,187,0,2016,12
12/1/2016,взрослые,Нефролог,290,9,16,0,2016,12
12/1/2016,взрослые,Оториноларинголог,7154,444,171,0,2016,12
12/1/2016,взрослые,Уролог,6130,150,57,0,2016,12
12/1/2016,взрослые,Хирург,11189,105,33,0,2016,12
12/1/2016,детские,Педиатр,46429,2853,2614,15,2016,12
12/1/2016,детские,Стоматолог,644,34,186,13,2016,12
12/1/2016,детские,Гинеколог,1107,9,6,7,2016,12
12/1/2016,детские,Эндокринолог,1201,55,280,3,2016,12
12/1/2016,детские,Гематолог,114,6,18,2,2016,12
12/1/2016,детские,Невролог,5617,370,2594,2,2016,12
12/1/2016,детские,Гастроэнтеролог,1122,35,240,1,2016,12
12/1/2016,детские,Иммунолог,1478,86,261,1,2016,12
12/1/2016,детские,Кардиолог,1568,82,547,1,2016,12
12/1/2016,детские,Нефролог,561,26,77,1,2016,12
12/1/2016,детские,Онколог,12,7,0,1,2016,12
12/1/2016,детские,Ревматолог,45,1,19,1,2016,12
12/1/2016,детские,Инфекционист,17,0,0,0,2016,12
12/1/2016,детские,Оториноларинголог,5977,461,451,0,2016,12
12/1/2016,детские,Офтальмолог,5681,70,31,0,2016,12
12/1/2016,детские,Психиатр,6,0,0,0,2016,12
12/1/2016,детские,Пульмонолог,44,0,7,0,2016,12
12/1/2016,детские,Уролог-андролог,168,10,11,0,2016,12
12/1/2016,детские,Хирург,4280,6,15,0,2016,12
1/1/2017,взрослые,Терапевт,1218515,109723,39926,703,2017,1
1/1/2017,взрослые,Стоматолог,4678,309,446,609,2017,1
1/1/2017,взрослые,Оториноларинголог,166554,13466,6483,414,2017,1
1/1/2017,взрослые,Гинеколог,411309,19359,4338,291,2017,1
1/1/2017,взрослые,Онколог,39656,6057,9947,143,2017,1
1/1/2017,взрослые,Гематолог,2957,245,606,118,2017,1
1/1/2017,взрослые,Инфекционист,30095,1111,862,115,2017,1
1/1/2017,взрослые,Ревматолог,19890,1413,1828,68,2017,1
1/1/2017,взрослые,Хирург,253896,6339,1449,65,2017,1
1/1/2017,взрослые,Пульмонолог,15486,1307,1698,31,2017,1
1/1/2017,взрослые,Нефролог,3992,223,262,23,2017,1
1/1/2017,взрослые,Иммунолог,12935,1093,1292,14,2017,1
1/1/2017,взрослые,Психиатр,32,0,0,12,2017,1
1/1/2017,взрослые,Гастроэнтеролог,23947,2634,2581,10,2017,1
1/1/2017,взрослые,Колопроктолог,11598,1242,1091,5,2017,1
1/1/2017,взрослые,Кардиолог,111319,9241,8642,3,2017,1
1/1/2017,взрослые,Офтальмолог,224658,7799,3075,3,2017,1
1/1/2017,взрослые,Эндокринолог,160325,11889,15861,3,2017,1
1/1/2017,взрослые,Невролог,210812,20233,20738,2,2017,1
1/1/2017,взрослые,Уролог,142936,2977,537,1,2017,1
1/1/2017,детские,Стоматолог,16396,972,2740,385,2017,1
1/1/2017,детские,Педиатр,957471,120222,59290,238,2017,1
1/1/2017,детские,Хирург,100033,1497,412,161,2017,1
1/1/2017,детские,Оториноларинголог,145054,7972,4114,55,2017,1
1/1/2017,детские,Эндокринолог,25656,1522,2102,20,2017,1
1/1/2017,детские,Иммунолог,27527,2368,2052,14,2017,1
1/1/2017,детские,Кардиолог,29842,3126,2890,10,2017,1
1/1/2017,детские,Гастроэнтеролог,23709,2257,1810,9,2017,1
1/1/2017,детские,Нефролог,12159,637,602,9,2017,1
1/1/2017,детские,Гематолог,1797,121,111,5,2017,1
1/1/2017,детские,Невролог,131466,13448,19339,4,2017,1
1/1/2017,детские,Ревматолог,924,185,142,4,2017,1
1/1/2017,детские,Пульмонолог,203,5,5,2,2017,1
1/1/2017,детские,Уролог-андролог,3590,256,254,2,2017,1
1/1/2017,детские,Инфекционист,351,0,1,1,2017,1
1/1/2017,детские,Гинеколог,28040,811,213,0,2017,1
1/1/2017,детские,Онколог,503,9,12,0,2017,1
1/1/2017,детские,Офтальмолог,131949,2784,740,0,2017,1
1/1/2017,детские,Психиатр,358,8,0,0,2017,1
2/1/2017,взрослые,Стоматолог,4299,29,336,869,2017,2
2/1/2017,взрослые,Гинеколог,388332,16124,12161,583,2017,2
2/1/2017,взрослые,Оториноларинголог,148983,14238,11283,472,2017,2
2/1/2017,взрослые,Терапевт,1171988,190493,33091,416,2017,2
2/1/2017,взрослые,Онколог,36461,6128,13310,306,2017,2
2/1/2017,взрослые,Гематолог,2762,372,560,168,2017,2
2/1/2017,взрослые,Эндокринолог,154331,15286,19511,116,2017,2
2/1/2017,взрослые,Офтальмолог,209060,11874,8466,94,2017,2
2/1/2017,взрослые,Ревматолог,19451,1712,2287,66,2017,2
2/1/2017,взрослые,Хирург,248508,9110,2842,53,2017,2
2/1/2017,взрослые,Инфекционист,31513,1686,1711,51,2017,2
2/1/2017,взрослые,Невролог,186599,25636,26079,24,2017,2
2/1/2017,взрослые,Нефролог,4689,303,311,18,2017,2
2/1/2017,взрослые,Психиатр,20,0,0,18,2017,2
2/1/2017,взрослые,Пульмонолог,14905,1739,2337,17,2017,2
2/1/2017,взрослые,Гастроэнтеролог,21828,3017,2771,15,2017,2
2/1/2017,взрослые,Колопроктолог,11523,2004,1847,11,2017,2
2/1/2017,взрослые,Иммунолог,12325,1531,1820,9,2017,2
2/1/2017,взрослые,Кардиолог,106361,11071,12264,2,2017,2
2/1/2017,взрослые,Уролог,144666,5163,1309,1,2017,2
2/1/2017,детские,Стоматолог,14658,667,2395,582,2017,2
2/1/2017,детские,Педиатр,988211,167598,43395,409,2017,2
2/1/2017,детские,Оториноларинголог,139736,11758,7692,193,2017,2
2/1/2017,детские,Хирург,101871,1528,507,125,2017,2
2/1/2017,детские,Гинеколог,28291,1352,881,90,2017,2
2/1/2017,детские,Невролог,121009,15404,29428,25,2017,2
2/1/2017,детские,Эндокринолог,28370,2111,2752,25,2017,2
2/1/2017,детские,Иммунолог,26556,2182,3142,20,2017,2
2/1/2017,детские,Кардиолог,29320,2789,4117,17,2017,2
2/1/2017,детские,Гастроэнтеролог,21415,2118,3041,13,2017,2
2/1/2017,детские,Нефролог,12203,918,946,12,2017,2
2/1/2017,детские,Онколог,638,13,37,7,2017,2
2/1/2017,детские,Ревматолог,854,89,197,5,2017,2
2/1/2017,детские,Гематолог,1833,134,112,2,2017,2
2/1/2017,детские,Уролог-андролог,3916,363,716,2,2017,2
2/1/2017,детские,Пульмонолог,271,60,111,1,2017,2
2/1/2017,детские,Инфекционист,234,0,40,0,2017,2
2/1/2017,детские,Офтальмолог,135031,4262,2486,0,2017,2
2/1/2017,детские,Психиатр,355,5,4,0,2017,2
3/1/2017,взрослые,Стоматолог,4237,232,928,843,2017,3
3/1/2017,взрослые,Оториноларинголог,173729,25515,8581,653,2017,3
3/1/2017,взрослые,Онколог,44042,9469,20496,644,2017,3
3/1/2017,взрослые,Терапевт,1266088,260580,49309,485,2017,3
3/1/2017,взрослые,Офтальмолог,234762,25405,14807,283,2017,3
3/1/2017,взрослые,Гинеколог,467812,22753,9348,225,2017,3
3/1/2017,взрослые,Гематолог,2822,466,1138,171,2017,3
3/1/2017,взрослые,Невролог,224240,36328,37452,48,2017,3
3/1/2017,взрослые,Ревматолог,24472,2602,3557,41,2017,3
3/1/2017,взрослые,Эндокринолог,187113,21293,27784,38,2017,3
3/1/2017,взрослые,Колопроктолог,12990,3137,1997,31,2017,3
3/1/2017,взрослые,Гастроэнтеролог,24700,3301,3788,24,2017,3
3/1/2017,взрослые,Иммунолог,13934,1960,2111,23,2017,3
3/1/2017,взрослые,Психиатр,10,0,0,22,2017,3
3/1/2017,взрослые,Нефролог,5521,455,707,14,2017,3
3/1/2017,взрослые,Хирург,297927,12413,2481,13,2017,3
3/1/2017,взрослые,Инфекционист,41842,2417,2291,10,2017,3
3/1/2017,взрослые,Пульмонолог,18454,2494,2849,9,2017,3
3/1/2017,взрослые,Кардиолог,127199,15349,16952,3,2017,3
3/1/2017,взрослые,Уролог,166542,7452,1512,1,2017,3
3/1/2017,взрослые,Колопроктолог,4,0,0,0,2017,3
3/1/2017,детские,Стоматолог,16844,1833,5612,617,2017,3
3/1/2017,детские,Педиатр,1125755,182528,32026,421,2017,3
3/1/2017,детские,Оториноларинголог,168098,16387,9065,384,2017,3
3/1/2017,детские,Гинеколог,36417,2145,927,223,2017,3
3/1/2017,детские,Хирург,128367,3416,991,122,2017,3
3/1/2017,детские,Гастроэнтеролог,25854,2859,4070,50,2017,3
3/1/2017,детские,Офтальмолог,166222,8070,4496,50,2017,3
3/1/2017,детские,Невролог,143060,24783,46843,46,2017,3
3/1/2017,детские,Эндокринолог,35024,3305,5660,27,2017,3
3/1/2017,детские,Иммунолог,31590,3964,4780,23,2017,3
3/1/2017,детские,Кардиолог,34260,3797,7054,20,2017,3
3/1/2017,детские,Ревматолог,1316,187,399,11,2017,3
3/1/2017,детские,Нефролог,15533,1162,1669,7,2017,3
3/1/2017,детские,Гематолог,2467,196,186,4,2017,3
3/1/2017,детские,Онколог,873,80,59,3,2017,3
3/1/2017,детские,Пульмонолог,378,23,214,2,2017,3
3/1/2017,детские,Уролог-андролог,4365,635,977,2,2017,3
3/1/2017,детские,Инфекционист,453,29,19,0,2017,3
3/1/2017,детские,Психиатр,340,42,12,0,2017,3
4/1/2017,взрослые,Оториноларинголог,159937,12718,4211,1957,2017,4
4/1/2017,взрослые,Терапевт,1006604,187491,51308,1186,2017,4
4/1/2017,взрослые,Офтальмолог,200995,13036,8144,1031,2017,4
4/1/2017,взрослые,Онколог,34984,9521,16430,823,2017,4
4/1/2017,взрослые,Стоматолог,2944,130,927,580,2017,4
4/1/2017,взрослые,Гинеколог,384922,22791,13164,518,2017,4
4/1/2017,взрослые,Ревматолог,21465,2802,3035,165,2017,4
4/1/2017,взрослые,Гематолог,2012,468,1297,163,2017,4
4/1/2017,взрослые,Нефролог,4874,496,535,86,2017,4
4/1/2017,взрослые,Уролог,137223,6451,1893,85,2017,4
4/1/2017,взрослые,Кардиолог,106860,12571,15609,54,2017,4
4/1/2017,взрослые,Пульмонолог,12479,2091,2851,43,2017,4
4/1/2017,взрослые,Инфекционист,37129,2081,1884,40,2017,4
4/1/2017,взрослые,Гастроэнтеролог,21577,3263,3255,30,2017,4
4/1/2017,взрослые,Хирург,251173,8928,2832,28,2017,4
4/1/2017,взрослые,Колопроктолог,10033,2013,2720,16,2017,4
4/1/2017,взрослые,Эндокринолог,156191,21430,25426,13,2017,4
4/1/2017,взрослые,Иммунолог,12025,1712,2255,10,2017,4
4/1/2017,взрослые,Психиатр,18,2,0,8,2017,4
4/1/2017,взрослые,Невролог,187878,31475,32881,3,2017,4
4/1/2017,детские,Оториноларинголог,141522,18114,9225,797,2017,4
4/1/2017,детские,Стоматолог,12268,1138,6730,614,2017,4
4/1/2017,детские,Офтальмолог,134868,9808,7958,281,2017,4
4/1/2017,детские,Педиатр,1001914,145328,29205,246,2017,4
4/1/2017,детские,Хирург,113820,3126,929,154,2017,4
4/1/2017,детские,Гинеколог,33972,2701,1507,49,2017,4
4/1/2017,детские,Невролог,102680,24698,42481,48,2017,4
4/1/2017,детские,Уролог-андролог,4011,607,1030,22,2017,4
4/1/2017,детские,Гастроэнтеролог,22913,2214,3204,20,2017,4
4/1/2017,детские,Эндокринолог,26964,4439,7261,20,2017,4
4/1/2017,детские,Кардиолог,28899,3816,6703,18,2017,4
4/1/2017,детские,Иммунолог,26166,4109,5225,15,2017,4
4/1/2017,детские,Нефролог,12914,1158,1578,10,2017,4
4/1/2017,детские,Ревматолог,990,124,270,4,2017,4
4/1/2017,детские,Гематолог,1802,288,265,2,2017,4
4/1/2017,детские,Онколог,788,58,70,1,2017,4
4/1/2017,детские,Психиатр,394,20,0,1,2017,4
4/1/2017,детские,Инфекционист,564,21,4,0,2017,4
4/1/2017,детские,Пульмонолог,178,21,113,0,2017,4
5/1/2017,взрослые,Терапевт,1065533,132825,29264,769,2017,5
5/1/2017,взрослые,Стоматолог,3315,364,952,578,2017,5
5/1/2017,взрослые,Онколог,34371,9689,19671,550,2017,5
5/1/2017,взрослые,Оториноларинголог,163439,9640,6059,469,2017,5
5/1/2017,взрослые,Офтальмолог,210835,7794,4745,373,2017,5
5/1/2017,взрослые,Гинеколог,410354,20854,12542,270,2017,5
5/1/2017,взрослые,Ревматолог,16680,3361,3404,247,2017,5
5/1/2017,взрослые,Уролог,137931,2160,1079,209,2017,5
5/1/2017,взрослые,Гематолог,3258,560,694,194,2017,5
5/1/2017,взрослые,Хирург,256205,7402,3688,52,2017,5
5/1/2017,взрослые,Невролог,191616,28989,33094,49,2017,5
5/1/2017,взрослые,Эндокринолог,155314,19086,23999,49,2017,5
5/1/2017,взрослые,Кардиолог,98968,12041,14421,33,2017,5
5/1/2017,взрослые,Инфекционист,35959,2496,1916,31,2017,5
5/1/2017,взрослые,Нефролог,3556,315,554,28,2017,5
5/1/2017,взрослые,Иммунолог,12006,2263,2710,20,2017,5
5/1/2017,взрослые,Гастроэнтеролог,21385,3437,3905,19,2017,5
5/1/2017,взрослые,Пульмонолог,13833,3010,3875,16,2017,5
5/1/2017,взрослые,Колопроктолог,10778,2358,2098,13,2017,5
5/1/2017,взрослые,Психиатр,6,0,0,12,2017,5
5/1/2017,детские,Стоматолог,12463,1978,8901,600,2017,5
5/1/2017,детские,Гинеколог,35216,2369,1985,124,2017,5
5/1/2017,детские,Педиатр,1009697,144693,33825,113,2017,5
5/1/2017,детские,Оториноларинголог,152351,14074,9599,112,2017,5
5/1/2017,детские,Офтальмолог,156972,14010,8267,72,2017,5
5/1/2017,детские,Хирург,125081,3164,1905,71,2017,5
5/1/2017,детские,Эндокринолог,30842,4386,6489,33,2017,5
5/1/2017,детские,Невролог,120886,20758,46274,22,2017,5
5/1/2017,детские,Иммунолог,26188,4298,7953,18,2017,5
5/1/2017,детские,Кардиолог,28609,4418,7354,16,2017,5
5/1/2017,детские,Нефролог,12593,1454,1851,10,2017,5
5/1/2017,детские,Гастроэнтеролог,21533,2398,3116,9,2017,5
5/1/2017,детские,Уролог-андролог,4227,600,1600,8,2017,5
5/1/2017,детские,Ревматолог,1057,175,377,5,2017,5
5/1/2017,детские,Гематолог,1910,265,353,4,2017,5
5/1/2017,детские,Онколог,785,110,60,3,2017,5
5/1/2017,детские,Психиатр,318,6,0,1,2017,5
5/1/2017,детские,Инфекционист,523,2,6,0,2017,5
5/1/2017,детские,Пульмонолог,527,145,212,0,2017,5
6/1/2017,взрослые,Терапевт,1013828,121942,32549,1085,2017,6
6/1/2017,взрослые,Стоматолог,3144,54,217,468,2017,6
6/1/2017,взрослые,Онколог,36645,7111,13558,369,2017,6
6/1/2017,взрослые,Гинеколог,372167,19271,8707,289,2017,6
6/1/2017,взрослые,Оториноларинголог,156311,3296,3353,103,2017,6
6/1/2017,взрослые,Ревматолог,18179,1745,2970,72,2017,6
6/1/2017,взрослые,Гематолог,2488,310,723,57,2017,6
6/1/2017,взрослые,Невролог,191402,19314,24730,35,2017,6
6/1/2017,взрослые,Гастроэнтеролог,20233,2887,3422,34,2017,6
6/1/2017,взрослые,Хирург,247834,3677,1402,30,2017,6
6/1/2017,взрослые,Инфекционист,36621,1725,1762,22,2017,6
6/1/2017,взрослые,Пульмонолог,13921,1500,2142,20,2017,6
6/1/2017,взрослые,Нефролог,3432,143,501,19,2017,6
6/1/2017,взрослые,Кардиолог,91660,8242,11619,14,2017,6
6/1/2017,взрослые,Колопроктолог,11046,1206,1305,14,2017,6
6/1/2017,взрослые,Эндокринолог,147179,12598,14806,14,2017,6
6/1/2017,взрослые,Уролог,125572,950,219,11,2017,6
6/1/2017,взрослые,Иммунолог,10146,991,1266,6,2017,6
6/1/2017,взрослые,Офтальмолог,195657,2622,1103,4,2017,6
6/1/2017,взрослые,Психиатр,24,2,0,4,2017,6
6/1/2017,детские,Стоматолог,9331,1504,5837,634,2017,6
6/1/2017,детские,Педиатр,814871,91390,23722,314,2017,6
6/1/2017,детские,Оториноларинголог,138272,5403,1717,122,2017,6
6/1/2017,детские,Офтальмолог,137275,3283,1857,106,2017,6
6/1/2017,детские,Хирург,110011,1926,1130,83,2017,6
6/1/2017,детские,Гинеколог,31410,1073,1962,70,2017,6
6/1/2017,детские,Невролог,121186,16421,27675,37,2017,6
6/1/2017,детские,Кардиолог,22925,2335,3664,19,2017,6
6/1/2017,детские,Уролог-андролог,4304,473,760,15,2017,6
6/1/2017,детские,Эндокринолог,28958,2932,3670,11,2017,6
6/1/2017,детские,Иммунолог,17479,1347,2705,9,2017,6
6/1/2017,детские,Гастроэнтеролог,15140,1208,1678,8,2017,6
6/1/2017,детские,Нефролог,9800,959,738,8,2017,6
6/1/2017,детские,Гематолог,1852,183,106,4,2017,6
6/1/2017,детские,Онколог,606,83,25,4,2017,6
6/1/2017,детские,Ревматолог,882,49,129,3,2017,6
6/1/2017,детские,Пульмонолог,362,52,70,2,2017,6
6/1/2017,детские,Инфекционист,281,9,0,0,2017,6
6/1/2017,детские,Психиатр,428,0,0,0,2017,6
7/1/2017,взрослые,Терапевт,1000678,120468,25733,4002,2017,7
7/1/2017,взрослые,Стоматолог,2497,28,113,604,2017,7
7/1/2017,взрослые,Оториноларинголог,148334,4299,2553,458,2017,7
7/1/2017,взрослые,Гинеколог,351781,16485,9803,359,2017,7
7/1/2017,взрослые,Гематолог,2557,265,449,55,2017,7
7/1/2017,взрослые,Онколог,38195,7063,9681,34,2017,7
7/1/2017,взрослые,Ревматолог,13932,1438,1563,33,2017,7
7/1/2017,взрослые,Невролог,177284,19226,17953,32,2017,7
7/1/2017,взрослые,Хирург,241367,4051,2580,28,2017,7
7/1/2017,взрослые,Кардиолог,85648,7165,8610,20,2017,7
7/1/2017,взрослые,Эндокринолог,128771,8991,11267,19,2017,7
7/1/2017,взрослые,Гастроэнтеролог,17897,2083,2321,14,2017,7
7/1/2017,взрослые,Офтальмолог,193252,2574,1114,13,2017,7
7/1/2017,взрослые,Уролог,121075,1695,651,13,2017,7
7/1/2017,взрослые,Инфекционист,29790,1674,1923,11,2017,7
7/1/2017,взрослые,Иммунолог,7188,558,684,7,2017,7
7/1/2017,взрослые,Пульмонолог,12016,1230,1268,7,2017,7
7/1/2017,взрослые,Колопроктолог,9471,708,773,5,2017,7
7/1/2017,взрослые,Нефролог,3437,347,593,4,2017,7
7/1/2017,взрослые,Психиатр,28,0,0,1,2017,7
7/1/2017,детские,Педиатр,674611,82761,15820,450,2017,7
7/1/2017,детские,Стоматолог,9122,840,4148,180,2017,7
7/1/2017,детские,Оториноларинголог,105997,2437,1969,98,2017,7
7/1/2017,детские,Гинеколог,25022,541,1397,83,2017,7
7/1/2017,детские,Хирург,89911,2034,2153,79,2017,7
7/1/2017,детские,Офтальмолог,110702,2533,2319,49,2017,7
7/1/2017,детские,Невролог,100721,11888,20105,15,2017,7
7/1/2017,детские,Кардиолог,16781,1485,1757,8,2017,7
7/1/2017,детские,Эндокринолог,17852,1392,1821,7,2017,7
7/1/2017,детские,Уролог-андролог,3178,346,1450,5,2017,7
7/1/2017,детские,Иммунолог,12417,882,873,4,2017,7
7/1/2017,детские,Нефролог,5741,412,629,4,2017,7
7/1/2017,детские,Гастроэнтеролог,11122,763,1204,3,2017,7
7/1/2017,детские,Ревматолог,390,37,72,2,2017,7
7/1/2017,детские,Гематолог,892,47,77,1,2017,7
7/1/2017,детские,Инфекционист,108,0,2,1,2017,7
7/1/2017,детские,Онколог,279,10,20,1,2017,7
7/1/2017,детские,Психиатр,486,10,0,0,2017,7
7/1/2017,детские,Пульмонолог,54,6,4,0,2017,7
8/1/2017,взрослые,Терапевт,1023396,131004,39809,4704,2017,8
8/1/2017,взрослые,Гинеколог,342762,21080,14782,425,2017,8
8/1/2017,взрослые,Стоматолог,1883,61,36,208,2017,8
8/1/2017,взрослые,Ревматолог,16241,1919,2276,33,2017,8
8/1/2017,взрослые,Офтальмолог,208220,2076,178,25,2017,8
8/1/2017,взрослые,Невролог,196220,18763,19131,21,2017,8
8/1/2017,взрослые,Инфекционист,31798,1610,1557,20,2017,8
8/1/2017,взрослые,Хирург,253455,3747,1314,18,2017,8
8/1/2017,взрослые,Онколог,40099,6012,11946,17,2017,8
8/1/2017,взрослые,Оториноларинголог,145762,7831,5012,15,2017,8
8/1/2017,взрослые,Эндокринолог,145159,9569,14037,15,2017,8
8/1/2017,взрослые,Уролог,127255,869,274,12,2017,8
8/1/2017,взрослые,Кардиолог,90931,7122,8656,8,2017,8
8/1/2017,взрослые,Пульмонолог,12462,1198,1318,8,2017,8
8/1/2017,взрослые,Гастроэнтеролог,20222,1906,2245,7,2017,8
8/1/2017,взрослые,Иммунолог,8494,804,1408,5,2017,8
8/1/2017,взрослые,Гематолог,3414,388,745,4,2017,8
8/1/2017,взрослые,Колопроктолог,10992,1097,968,2,2017,8
8/1/2017,взрослые,Нефролог,3565,270,445,2,2017,8
8/1/2017,взрослые,Психиатр,28,0,0,0,2017,8
8/1/2017,детские,Педиатр,1009449,168746,66642,895,2017,8
8/1/2017,детские,Стоматолог,12468,964,5964,758,2017,8
8/1/2017,детские,Гинеколог,32706,1326,1454,118,2017,8
8/1/2017,детские,Оториноларинголог,127137,4295,3007,116,2017,8
8/1/2017,детские,Хирург,116654,3598,2063,106,2017,8
8/1/2017,детские,Офтальмолог,151322,12874,10487,52,2017,8
8/1/2017,детские,Невролог,135422,18634,23009,20,2017,8
8/1/2017,детские,Иммунолог,17455,1286,1818,8,2017,8
8/1/2017,детские,Кардиолог,24943,2955,4264,7,2017,8
8/1/2017,детские,Эндокринолог,26084,1859,2810,5,2017,8
8/1/2017,детские,Нефролог,10229,755,1358,4,2017,8
8/1/2017,детские,Инфекционист,336,64,27,2,2017,8
8/1/2017,детские,Гастроэнтеролог,14879,1449,1817,1,2017,8
8/1/2017,детские,Ревматолог,1183,95,174,1,2017,8
8/1/2017,детские,Уролог-андролог,4396,550,723,1,2017,8
8/1/2017,детские,Гематолог,1453,202,346,0,2017,8
8/1/2017,детские,Онколог,590,65,96,0,2017,8
8/1/2017,детские,Психиатр,389,13,0,0,2017,8
8/1/2017,детские,Пульмонолог,452,43,57,0,2017,8
9/1/2017,взрослые,Терапевт,960951,254089,101470,3210,2017,9
9/1/2017,взрослые,Гинеколог,248622,13362,11516,557,2017,9
9/1/2017,взрослые,Стоматолог,1468,59,33,336,2017,9
9/1/2017,взрослые,Ревматолог,18743,2344,3260,169,2017,9
9/1/2017,взрослые,Невролог,192421,25072,27996,73,2017,9
9/1/2017,взрослые,Нефролог,3554,238,354,70,2017,9
9/1/2017,взрослые,Инфекционист,25723,2590,2750,59,2017,9
9/1/2017,взрослые,Гематолог,2011,556,1342,38,2017,9
9/1/2017,взрослые,Хирург,268636,3183,447,36,2017,9
9/1/2017,взрослые,Онколог,38806,7856,12526,33,2017,9
9/1/2017,взрослые,Эндокринолог,149977,12061,19244,20,2017,9
9/1/2017,взрослые,Кардиолог,96830,9962,13257,17,2017,9
9/1/2017,взрослые,Офтальмолог,222970,4711,1021,15,2017,9
9/1/2017,взрослые,Оториноларинголог,161546,9254,3654,11,2017,9
9/1/2017,взрослые,Гастроэнтеролог,19406,3530,3645,8,2017,9
9/1/2017,взрослые,Иммунолог,9906,629,1034,7,2017,9
9/1/2017,взрослые,Пульмонолог,13705,1979,2546,7,2017,9
9/1/2017,взрослые,Колопроктолог,10595,714,1474,5,2017,9
9/1/2017,взрослые,Уролог,141341,477,123,5,2017,9
9/1/2017,взрослые,Колопроктолог,4,0,0,0,2017,9
9/1/2017,взрослые,Психиатр,2,0,0,0,2017,9
9/1/2017,детские,Педиатр,1096113,280573,90658,763,2017,9
9/1/2017,детские,Стоматолог,14352,1621,3178,498,2017,9
9/1/2017,детские,Хирург,117936,2253,558,144,2017,9
9/1/2017,детские,Офтальмолог,160371,8939,7743,116,2017,9
9/1/2017,детские,Иммунолог,28438,2282,3636,29,2017,9
9/1/2017,детские,Невролог,145923,20426,31031,19,2017,9
9/1/2017,детские,Кардиолог,35202,4717,7416,18,2017,9
9/1/2017,детские,Оториноларинголог,174163,5274,1286,14,2017,9
9/1/2017,детские,Гинеколог,33328,835,605,11,2017,9
9/1/2017,детские,Эндокринолог,27849,2957,4580,10,2017,9
9/1/2017,детские,Нефролог,13310,1008,1553,7,2017,9
9/1/2017,детские,Гастроэнтеролог,21845,1960,2718,6,2017,9
9/1/2017,детские,Гематолог,1953,243,260,2,2017,9
9/1/2017,детские,Уролог-андролог,4334,409,528,2,2017,9
9/1/2017,детские,Инфекционист,333,103,56,1,2017,9
9/1/2017,детские,Пульмонолог,794,58,86,1,2017,9
9/1/2017,детские,Ревматолог,1101,186,352,1,2017,9
9/1/2017,детские,Онколог,707,22,39,0,2017,9
9/1/2017,детские,Психиатр,385,22,4,0,2017,9
10/1/2017,взрослые,Терапевт,1115793,279408,109153,5102,2017,10
10/1/2017,взрослые,Стоматолог,1198,8,104,502,2017,10
10/1/2017,взрослые,Гинеколог,7934,765,1374,292,2017,10
10/1/2017,взрослые,Нефролог,4223,370,454,157,2017,10
10/1/2017,взрослые,Невролог,208315,31732,40701,139,2017,10
10/1/2017,взрослые,Инфекционист,27918,2579,2825,86,2017,10
10/1/2017,взрослые,Гастроэнтеролог,22120,3707,5598,64,2017,10
10/1/2017,взрослые,Эндокринолог,174293,18522,24807,60,2017,10
10/1/2017,взрослые,Ревматолог,22604,3002,3972,55,2017,10
10/1/2017,взрослые,Кардиолог,116431,13671,18073,44,2017,10
10/1/2017,взрослые,Онколог,47400,9300,15863,37,2017,10
10/1/2017,взрослые,Гематолог,2197,251,1535,31,2017,10
10/1/2017,взрослые,Иммунолог,11003,1825,2019,22,2017,10
10/1/2017,взрослые,Офтальмолог,241431,8786,7010,19,2017,10
10/1/2017,взрослые,Уролог,163153,1962,652,19,2017,10
10/1/2017,взрослые,Колопроктолог,12225,2341,1924,17,2017,10
10/1/2017,взрослые,Пульмонолог,17543,2714,3314,14,2017,10
10/1/2017,взрослые,Оториноларинголог,181431,15307,7221,13,2017,10
10/1/2017,взрослые,Хирург,295327,5784,1742,11,2017,10
10/1/2017,детские,Педиатр,1206947,229148,45827,561,2017,10
10/1/2017,детские,Невролог,144646,20776,36161,173,2017,10
10/1/2017,детские,Оториноларинголог,187539,12180,4152,91,2017,10
10/1/2017,детские,Стоматолог,14351,1414,4001,89,2017,10
10/1/2017,детские,Хирург,119349,960,447,89,2017,10
10/1/2017,детские,Офтальмолог,171597,5969,4493,41,2017,10
10/1/2017,детские,Нефролог,12464,1211,1258,31,2017,10
10/1/2017,детские,Гинеколог,35603,505,530,28,2017,10
10/1/2017,детские,Иммунолог,30733,4784,5711,24,2017,10
10/1/2017,детские,Эндокринолог,32802,3984,5282,24,2017,10
10/1/2017,детские,Кардиолог,32778,4786,9319,23,2017,10
10/1/2017,детские,Гастроэнтеролог,26331,3328,4671,18,2017,10
10/1/2017,детские,Уролог-андролог,4825,357,484,5,2017,10
10/1/2017,детские,Пульмонолог,783,98,190,4,2017,10
10/1/2017,детские,Гематолог,2483,207,175,2,2017,10
10/1/2017,детские,Инфекционист,420,122,45,2,2017,10
10/1/2017,детские,Ревматолог,1204,279,559,2,2017,10
10/1/2017,детские,Онколог,466,30,37,1,2017,10
10/1/2017,детские,Психиатр,475,6,4,0,2017,10
11/1/2017,взрослые,Терапевт,1140388,255642,131629,4783,2017,11
11/1/2017,взрослые,Стоматолог,1257,2,90,372,2017,11
11/1/2017,взрослые,Гинеколог,2844,383,2116,262,2017,11
11/1/2017,взрослые,Невролог,191872,35235,52120,135,2017,11
11/1/2017,взрослые,Кардиолог,110763,14698,25683,117,2017,11
11/1/2017,взрослые,Эндокринолог,171549,20860,32746,70,2017,11
11/1/2017,взрослые,Ревматолог,22229,3161,5106,57,2017,11
11/1/2017,взрослые,Онколог,42101,11274,22745,41,2017,11
11/1/2017,взрослые,Гастроэнтеролог,21095,2242,8539,31,2017,11
11/1/2017,взрослые,Инфекционист,34741,2379,2181,31,2017,11
11/1/2017,взрослые,Иммунолог,10769,1347,2150,20,2017,11
11/1/2017,взрослые,Офтальмолог,241695,17155,11401,20,2017,11
11/1/2017,взрослые,Пульмонолог,15227,3369,4932,16,2017,11
11/1/2017,взрослые,Колопроктолог,11701,2855,3523,14,2017,11
11/1/2017,взрослые,Хирург,290906,14219,3320,12,2017,11
11/1/2017,взрослые,Гематолог,2430,320,1643,11,2017,11
11/1/2017,взрослые,Нефролог,3373,473,935,10,2017,11
11/1/2017,взрослые,Уролог,169225,5946,1241,9,2017,11
11/1/2017,взрослые,Оториноларинголог,183461,17034,10479,5,2017,11
11/1/2017,взрослые,Психиатр,4,0,0,0,2017,11
11/1/2017,детские,Педиатр,1176874,202859,44484,221,2017,11
11/1/2017,детские,Невролог,144323,21854,35935,143,2017,11
11/1/2017,детские,Гинеколог,35259,1617,860,54,2017,11
11/1/2017,детские,Офтальмолог,168904,5274,1832,45,2017,11
11/1/2017,детские,Кардиолог,30658,5612,15459,30,2017,11
11/1/2017,детские,Гастроэнтеролог,29119,3917,6032,23,2017,11
11/1/2017,детские,Иммунолог,31841,5719,8962,22,2017,11
11/1/2017,детские,Оториноларинголог,177360,22214,5842,20,2017,11
11/1/2017,детские,Эндокринолог,34278,3765,5968,17,2017,11
11/1/2017,детские,Стоматолог,14812,1456,4138,13,2017,11
11/1/2017,детские,Гематолог,1883,351,557,7,2017,11
11/1/2017,детские,Нефролог,14273,1544,2109,7,2017,11
11/1/2017,детские,Ревматолог,1092,282,636,6,2017,11
11/1/2017,детские,Уролог-андролог,5389,266,429,5,2017,11
11/1/2017,детские,Хирург,117495,1194,640,5,2017,11
11/1/2017,детские,Инфекционист,573,41,21,1,2017,11
11/1/2017,детские,Пульмонолог,499,94,243,1,2017,11
11/1/2017,детские,Онколог,694,95,128,0,2017,11
11/1/2017,детские,Психиатр,424,12,10,0,2017,11
12/1/2017,взрослые,Терапевт,1126828,147125,64994,3884,2017,12
12/1/2017,взрослые,Кардиолог,96926,10896,21775,303,2017,12
12/1/2017,взрослые,Невролог,167677,25715,41006,292,2017,12
12/1/2017,взрослые,Гинеколог,2977,136,1025,235,2017,12
12/1/2017,взрослые,Стоматолог,1135,9,96,176,2017,12
12/1/2017,взрослые,Эндокринолог,143374,17468,31215,169,2017,12
12/1/2017,взрослые,Онколог,34976,8659,18250,81,2017,12
12/1/2017,взрослые,Офтальмолог,208576,6701,6946,76,2017,12
12/1/2017,взрослые,Гастроэнтеролог,18510,3288,6609,68,2017,12
12/1/2017,взрослые,Ревматолог,18127,3238,4551,68,2017,12
12/1/2017,взрослые,Оториноларинголог,169324,11833,9331,52,2017,12
12/1/2017,взрослые,Инфекционист,30758,1396,2411,37,2017,12
12/1/2017,взрослые,Колопроктолог,9440,1885,3259,32,2017,12
12/1/2017,взрослые,Пульмонолог,13718,2365,4181,32,2017,12
12/1/2017,взрослые,Иммунолог,8726,1603,2712,24,2017,12
12/1/2017,взрослые,Гематолог,2209,485,1321,20,2017,12
12/1/2017,взрослые,Нефролог,3543,191,744,11,2017,12
12/1/2017,взрослые,Хирург,253380,5703,5231,10,2017,12
12/1/2017,взрослые,Уролог,144487,4524,4519,7,2017,12
12/1/2017,взрослые,Психиатр,4,0,0,0,2017,12
12/1/2017,детские,Педиатр,1062197,200947,42238,236,2017,12
12/1/2017,детские,Невролог,130500,14413,25164,112,2017,12
12/1/2017,детские,Кардиолог,27949,3872,8208,41,2017,12
12/1/2017,детские,Гастроэнтеролог,24809,2688,5271,32,2017,12
12/1/2017,детские,Стоматолог,11566,646,2105,32,2017,12
12/1/2017,детские,Эндокринолог,29238,2456,5411,23,2017,12
12/1/2017,детские,Уролог-андролог,4548,197,337,20,2017,12
12/1/2017,детские,Иммунолог,26449,4106,6754,19,2017,12
12/1/2017,детские,Нефролог,12831,778,1772,12,2017,12
12/1/2017,детские,Оториноларинголог,155067,14650,10864,9,2017,12
12/1/2017,детские,Гинеколог,31691,1045,731,7,2017,12
12/1/2017,детские,Офтальмолог,146976,926,2174,7,2017,12
12/1/2017,детские,Гематолог,1988,332,413,4,2017,12
12/1/2017,детские,Ревматолог,983,173,470,4,2017,12
12/1/2017,детские,Хирург,100072,590,1128,3,2017,12
12/1/2017,детские,Инфекционист,487,18,32,1,2017,12
12/1/2017,детские,Онколог,532,57,95,1,2017,12
12/1/2017,детские,Пульмонолог,608,118,254,1,2017,12
12/1/2017,детские,Психиатр,168,82,14,0,2017,12